pipeline,n,pwa,total_penalty,n_pred_drift,n_false_drift,n_false_drift_good,n_missed_drift,n_class_error,penalty_false_drift,penalty_missed_drift,penalty_class_error,threshold
officiel,1655,0.7656797583081572,3878000.0,1655,1655,247,0,0,3878000.0,0.0,0.0,0.0
officiel,1655,0.7656797583081572,3878000.0,1655,1655,247,0,0,3878000.0,0.0,0.0,0.02
officiel,1655,0.7656797583081572,3878000.0,1655,1655,247,0,0,3878000.0,0.0,0.0,0.04
officiel,1655,0.7756495468277945,3713000.0,1490,1490,247,0,0,3713000.0,0.0,0.0,0.06
officiel,1655,0.7916012084592146,3449000.0,1226,1226,247,0,0,3449000.0,0.0,0.0,0.08
officiel,1655,0.8095468277945619,3152000.0,929,929,247,0,0,3152000.0,0.0,0.0,0.1
officiel,1655,0.8231419939577039,2927000.0,704,704,247,0,0,2927000.0,0.0,0.0,0.12
officiel,1655,0.8291238670694864,2828000.0,605,605,247,0,0,2828000.0,0.0,0.0,0.14
officiel,1655,0.831963746223565,2781000.0,558,558,247,0,0,2781000.0,0.0,0.0,0.16
officiel,1655,0.8372205438066466,2694000.0,516,516,242,0,0,2694000.0,0.0,0.0,0.18
officiel,1655,0.8433836858006042,2592000.0,486,486,234,0,0,2592000.0,0.0,0.0,0.2
officiel,1655,0.8549848942598187,2400000.0,447,447,217,0,0,2400000.0,0.0,0.0,0.22
officiel,1655,0.8702114803625378,2148000.0,402,402,194,0,0,2148000.0,0.0,0.0,0.24
officiel,1655,0.8929305135951662,1772000.0,341,341,159,0,0,1772000.0,0.0,0.0,0.26
officiel,1655,0.914380664652568,1417000.0,292,292,125,0,0,1417000.0,0.0,0.0,0.28
officiel,1655,0.9247129909365559,1246000.0,265,265,109,0,0,1246000.0,0.0,0.0,0.3
officiel,1655,0.9361329305135951,1057000.0,238,238,91,0,0,1057000.0,0.0,0.0,0.32
officiel,1655,0.9485800604229607,851000.0,203,203,72,0,0,851000.0,0.0,0.0,0.34
officiel,1655,0.9538368580060423,764000.0,179,179,65,0,0,764000.0,0.0,0.0,0.36
officiel,1655,0.9624773413897281,621000.0,153,153,52,0,0,621000.0,0.0,0.0,0.38
officiel,1655,0.9702114803625378,493000.0,124,124,41,0,0,493000.0,0.0,0.0,0.4
officiel,1655,0.9738367975830816,433001.0,109,109,36,0,1,433000.0,0.0,1.0,0.42
officiel,1655,0.9792144410876132,344001.0,92,92,28,0,1,344000.0,0.0,1.0,0.44
officiel,1655,0.9845860422960725,255101.0,75,75,20,0,2,255000.0,0.0,101.0,0.46
officiel,1655,0.9871842296072507,212101.0,68,68,16,0,2,212000.0,0.0,101.0,0.48
officiel,1655,0.9894803021148036,174101.0,57,57,13,0,2,174000.0,0.0,101.0,0.5
officiel,1655,0.9954621752265861,75101.0,39,39,4,0,2,75000.0,0.0,101.0,0.52
officiel,1655,0.996912326283988,51101.0,33,33,2,0,2,51000.0,0.0,101.0,0.54
officiel,1655,0.9972748640483383,45101.0,27,27,2,0,2,45000.0,0.0,101.0,0.56
officiel,1655,0.9980603625377643,32101.0,23,23,1,0,2,32000.0,0.0,101.0,0.58
officiel,1655,0.9981207854984894,31101.0,22,22,1,0,2,31000.0,0.0,101.0,0.6
officiel,1655,0.9987854380664652,20101.0,20,20,0,0,2,20000.0,0.0,101.0,0.62
officiel,1655,0.9989666465256798,17102.0,17,17,0,0,3,17000.0,0.0,102.0,0.64
officiel,1655,0.99920833836858,13102.0,13,13,0,0,3,13000.0,0.0,102.0,0.66
officiel,1655,0.9992687613293051,12102.0,12,12,0,0,3,12000.0,0.0,102.0,0.68
officiel,1655,0.9993291842900303,11102.0,11,11,0,0,3,11000.0,0.0,102.0,0.7000000000000001
officiel,1655,0.9994500302114804,9102.0,9,9,0,0,3,9000.0,0.0,102.0,0.72
officiel,1655,0.9994500302114804,9102.0,9,9,0,0,3,9000.0,0.0,102.0,0.74
officiel,1655,0.9994500302114804,9102.0,9,9,0,0,3,9000.0,0.0,102.0,0.76
officiel,1655,0.9995708761329305,7102.0,7,7,0,0,3,7000.0,0.0,102.0,0.78
officiel,1655,0.9996312990936556,6102.0,6,6,0,0,3,6000.0,0.0,102.0,0.8
officiel,1655,0.9997521450151058,4102.0,4,4,0,0,3,4000.0,0.0,102.0,0.8200000000000001
officiel,1655,0.9997521450151058,4102.0,4,4,0,0,3,4000.0,0.0,102.0,0.84
officiel,1655,0.9997521450151058,4102.0,4,4,0,0,3,4000.0,0.0,102.0,0.86
officiel,1655,0.9997521450151058,4102.0,4,4,0,0,3,4000.0,0.0,102.0,0.88
officiel,1655,0.9998125679758308,3102.0,3,3,0,0,3,3000.0,0.0,102.0,0.9
officiel,1655,0.9998125679758308,3102.0,3,3,0,0,3,3000.0,0.0,102.0,0.92
officiel,1655,0.9998729909365559,2102.0,2,2,0,0,3,2000.0,0.0,102.0,0.9400000000000001
officiel,1655,0.9998729909365559,2102.0,2,2,0,0,3,2000.0,0.0,102.0,0.96
officiel,1655,0.9998729909365559,2102.0,2,2,0,0,3,2000.0,0.0,102.0,0.98
officiel,1655,0.9999937764350453,103.0,0,0,0,0,4,0.0,0.0,103.0,1.0
nôtre,1655,0.7656797583081572,3878000.0,1655,1655,247,0,0,3878000.0,0.0,0.0,0.0
nôtre,1655,0.7656797583081572,3878000.0,1655,1655,247,0,0,3878000.0,0.0,0.0,0.02
nôtre,1655,0.7659214501510574,3874000.0,1651,1651,247,0,0,3874000.0,0.0,0.0,0.04
nôtre,1655,0.7812084592145015,3621000.0,1398,1398,247,0,0,3621000.0,0.0,0.0,0.06
nôtre,1655,0.7981268882175226,3341000.0,1118,1118,247,0,0,3341000.0,0.0,0.0,0.08
nôtre,1655,0.8169184290030211,3030000.0,807,807,247,0,0,3030000.0,0.0,0.0,0.1
nôtre,1655,0.8270694864048338,2862000.0,639,639,247,0,0,2862000.0,0.0,0.0,0.12
nôtre,1655,0.8310574018126888,2796000.0,573,573,247,0,0,2796000.0,0.0,0.0,0.14
nôtre,1655,0.8345619335347432,2738000.0,533,533,245,0,0,2738000.0,0.0,0.0,0.16
nôtre,1655,0.8409667673716013,2632000.0,499,499,237,0,0,2632000.0,0.0,0.0,0.18
nôtre,1655,0.8522658610271903,2445000.0,456,456,221,0,0,2445000.0,0.0,0.0,0.2
nôtre,1655,0.8670694864048338,2200000.0,409,409,199,0,0,2200000.0,0.0,0.0,0.22
nôtre,1655,0.8885800604229608,1844000.0,350,350,166,0,0,1844000.0,0.0,0.0,0.24
nôtre,1655,0.9100302114803626,1489000.0,301,301,132,0,0,1489000.0,0.0,0.0,0.26
nôtre,1655,0.9247129909365559,1246000.0,264,264,108,0,1,1236000.0,0.0,10000.0,0.28
nôtre,1655,0.9345015105740181,1084000.0,237,237,93,0,1,1074000.0,0.0,10000.0,0.3
nôtre,1655,0.9467673716012085,881000.0,204,204,73,0,2,861000.0,0.0,20000.0,0.32
nôtre,1655,0.9545619335347432,752000.0,174,174,62,0,2,732000.0,0.0,20000.0,0.34
nôtre,1655,0.9633232628398791,607000.0,146,146,49,0,2,587000.0,0.0,20000.0,0.36
nôtre,1655,0.9684591540785499,522001.0,124,124,42,0,3,502000.0,0.0,20001.0,0.38
nôtre,1655,0.9727491842900302,451001.0,107,107,36,0,3,431000.0,0.0,20001.0,0.4
nôtre,1655,0.9769787915407855,381001.0,90,90,29,0,4,351000.0,0.0,30001.0,0.42
nôtre,1655,0.983438006042296,274101.0,73,73,19,0,5,244000.0,0.0,30101.0,0.44
nôtre,1655,0.9862174622356495,228101.0,63,63,15,0,5,198000.0,0.0,30101.0,0.46
nôtre,1655,0.9902053776435046,162101.0,51,51,9,0,5,132000.0,0.0,30101.0,0.48
nôtre,1655,0.9943141389728096,94101.0,37,37,3,0,5,64000.0,0.0,30101.0,0.5
nôtre,1655,0.9951600604229607,80101.0,32,32,2,0,5,50000.0,0.0,30101.0,0.52
nôtre,1655,0.9955225981873111,74101.0,26,26,2,0,5,44000.0,0.0,30101.0,0.54
nôtre,1655,0.9963080966767371,61101.0,22,22,1,0,5,31000.0,0.0,30101.0,0.56
nôtre,1655,0.996912326283988,51101.0,21,21,0,0,5,21000.0,0.0,30101.0,0.58
nôtre,1655,0.996972749244713,50101.0,20,20,0,0,5,20000.0,0.0,30101.0,0.6
nôtre,1655,0.9972748036253777,45102.0,15,15,0,0,6,15000.0,0.0,30102.0,0.62
nôtre,1655,0.9973956495468278,43102.0,13,13,0,0,6,13000.0,0.0,30102.0,0.64
nôtre,1655,0.9974560725075529,42102.0,12,12,0,0,6,12000.0,0.0,30102.0,0.66
nôtre,1655,0.9975164954682779,41102.0,11,11,0,0,6,11000.0,0.0,30102.0,0.68
nôtre,1655,0.997576918429003,40102.0,10,10,0,0,6,10000.0,0.0,30102.0,0.7000000000000001
nôtre,1655,0.9976373413897281,39102.0,9,9,0,0,6,9000.0,0.0,30102.0,0.72
nôtre,1655,0.9976373413897281,39102.0,9,9,0,0,6,9000.0,0.0,30102.0,0.74
nôtre,1655,0.9977581873111783,37102.0,7,7,0,0,6,7000.0,0.0,30102.0,0.76
nôtre,1655,0.9977581873111783,37102.0,7,7,0,0,6,7000.0,0.0,30102.0,0.78
nôtre,1655,0.9979393957703927,34103.0,4,4,0,0,7,4000.0,0.0,30103.0,0.8
nôtre,1655,0.9979393957703927,34103.0,4,4,0,0,7,4000.0,0.0,30103.0,0.8200000000000001
nôtre,1655,0.9979393957703927,34103.0,4,4,0,0,7,4000.0,0.0,30103.0,0.84
nôtre,1655,0.9979393957703927,34103.0,4,4,0,0,7,4000.0,0.0,30103.0,0.86
nôtre,1655,0.9979998187311179,33103.0,3,3,0,0,7,3000.0,0.0,30103.0,0.88
nôtre,1655,0.9979998187311179,33103.0,3,3,0,0,7,3000.0,0.0,30103.0,0.9
nôtre,1655,0.9979998187311179,33103.0,3,3,0,0,7,3000.0,0.0,30103.0,0.92
nôtre,1655,0.9980602416918429,32103.0,2,2,0,0,7,2000.0,0.0,30103.0,0.9400000000000001
nôtre,1655,0.9980602416918429,32103.0,2,2,0,0,7,2000.0,0.0,30103.0,0.96
nôtre,1655,0.9980602416918429,32103.0,2,2,0,0,7,2000.0,0.0,30103.0,0.98
nôtre,1655,0.9981810271903323,30104.0,0,0,0,0,8,0.0,0.0,30104.0,1.0
